biologically lia, 4
biologically female, 42
biologically defined, 2
biologically male, 44
biologically since, 2
biologically different, 10
biologically competitive, 2
biologically i, 2
biologically neither, 3
biologically or, 2
biologically but, 2
biologically white, 2
biologically related, 2
biologically impossible, 3
biologically and, 4
biologically a, 4
biologically only, 2
biologically eligible, 2
biologically larger, 2
biologically born, 7
biologically fixed, 2
biologically matching, 2
biologically can, 2
biologically —, 3
biologically intact, 3
biologically determined, 2
biologically interchangeable, 2
biologically that, 3
biologically incapable, 2
biologically elsewhere, 2
biologically sexually, 2
biologically men, 2
biologically normal, 2
biologically will, 2
biologically incorrect, 2
biologically women, 2
biologically correct, 2
