nonbinary or, 7
nonbinary intersex, 2
nonbinary sexuality, 2
nonbinary people, 12
non-binary individuals, 6
non-binary people, 38
nonbinary equity, 2
nonbinary and, 14
nonbinary children, 2
nonbinary kids, 3
non-binary is, 3
nonbinary experience, 2
non-binary sexual, 2
non-binary youth, 9
non-binary gender-expansive, 4
non-binary colleagues, 2
non-binary friends, 2
non-binary and, 32
nonbinary category, 3
nonbinary runners, 3
nonbinary as, 2
nonbinary athletes, 3
nonbinary categories, 2
non-binary or, 14
non-binary health, 2
nonbinary gender, 3
non-binary individual, 3
nonbinary child, 2
non-binary transgender, 6
nonbinary u.s, 3
nonbinary refers, 2
non-binary their, 2
non-binary actors, 2
non-binary neither, 2
non-binary can, 2
non-binary person, 5
nonbinary patients, 2
non-binary abbvie, 2
nonbinary communities, 5
non-binary residents, 2
non-binary infant, 2
non-binary children, 4
non-binary folks, 3
non-binary public, 2
non-binary instead, 2
non-binary the, 4
non-binary shows, 2
nonbinary feel, 2
non-binary students, 10
non-binary k-12, 2
non-binary representation, 2
nonbinary telling, 2
non-binary messages, 2
non-binary photo, 2
non-binary research, 2
nonbinary an, 3
nonbinary eminem, 2
non-binary political, 2
non-binary she, 2
non-binary nearly, 2
non-binary athletes, 4
non-binary cc, 2
non-binary community, 4
non-binary skaters, 2
non-binary i, 2
nonbinary which, 2
non-binary eight-year-olds, 2
non-binary staff, 2
nonbinary health, 2
non-binary young, 2
non-binary for, 2
non-binary genders, 4
non-binary trans, 3
non-binary non-conforming, 2
non-binary users, 2
nonbinary trans, 4
non-binary at, 2
nonbinary research, 2
non-binary an, 2
nonbinary you, 3
non-binary assistant, 3
non-binary relationships, 2
nonbinary pan, 2
non-binary in, 2
non-binary gender, 12
non-binary citizens, 2
nonbinary person, 4
non-binary other, 3
non-binary thanks, 2
nonbinary pronoun, 2
nonbinary a, 2
nonbinary they, 2
non-binary as, 3
non-binary category, 2
non-binary clergy, 2
non-binary that, 3
non-binary to, 2
non-binary nb, 2
nonbinary than, 2
non-binary student, 2
nonbinary college, 2
nonbinary probably, 2
nonbinary pregnant, 2
non-binary adding, 2
non-binary character, 4
nonbinary head, 2
nonbinary are, 2
non-binary communities, 2
non-binary according, 2
non-binary while, 2
non-binary new, 2
non-binary siblings, 2
non-binary recruits, 2
non-binary teen, 2
non-binary identity, 2
nonbinary showrunners, 2
nonbinary bisexual, 2
nonbinary and/or, 2
non-binary a, 3
non-binary told, 2
nonbinary members, 2
nonbinary femmes, 3
non-binary status, 2
non-binary sex, 2
nonbinary is, 2
non-binary non-females, 2
non-binary officer, 2
non-binary exclusive, 2
nonbinary student, 2
non-binary refers, 2
nonbinary women, 3
non-binary moreover, 2
non-binary participation, 3
non-binary inclusion, 3
non-binary elementary, 2
non-binary persons, 2
non-binary —, 2
non-binary ids, 2
non-binary customers, 2
non-binary poll, 3
nonbinary pangender, 2
nonbinary individuals, 2
non-binary carol, 2
non-binary has, 2
non-binary experiences, 2
nonbinary olezeski, 2
non-binary actor, 4
non-binary jedi, 4
non-binary co-founder, 2
non-binary simultaneously, 2
non-binary omond, 2
non-binary wife, 2
