trans clothing, 2
trans kids, 46
trans flag, 5
trans person, 29
trans rights, 31
trans or, 9
trans and, 73
trans youth, 37
trans athletes, 98
trans hurts, 2
trans people, 211
trans face, 2
trans survey, 2
trans women, 156
trans in, 8
trans ignores, 2
trans girls, 8
trans are, 5
trans should, 4
trans actor, 12
trans man, 34
trans to, 3
trans communities, 6
trans nonbinary, 4
trans only, 2
trans immigrant, 2
trans i, 3
trans epidemic, 2
trans identity, 11
trans identification, 2
trans action, 2
trans patienthttps, 2
trans commentator, 3
trans libertarian, 2
trans model, 7
trans men, 39
trans two-spirit, 4
trans woman, 67
trans inclusion, 13
trans athlete, 27
trans drugs, 5
trans individuals, 14
trans community, 47
trans folks, 10
trans bill, 3
trans net, 2
trans fighter, 5
trans individual, 3
trans mma, 2
trans exclusionary, 11
trans attackerhttps, 4
trans activists, 50
trans stories, 4
trans inclusive, 5
trans transdayofvisibility, 5
trans hhs, 2
trans migrants, 2
trans agenda, 7
trans issue, 4
trans issues, 19
trans disabled, 2
trans bathroom, 2
trans members, 3
trans riders, 2
trans competitor, 5
trans cyclist, 8
trans debate, 4
trans lobby, 6
trans player, 6
trans female, 10
trans players, 8
trans child, 10
trans ambassador, 5
trans icon, 2
trans it, 5
trans treatments, 3
trans students, 26
trans sex, 5
trans bans, 2
trans liberation, 5
trans inmates, 16
trans olympian, 3
trans biological, 2
trans competing, 2
trans teenager, 2
trans cheerleader, 6
trans patient, 7
trans actors, 7
trans alliance, 4
trans well-being, 2
trans pupil, 4
trans jesus, 2
trans the, 11
trans church, 2
trans activist, 24
trans journalists, 6
trans has, 2
trans advocacy, 2
trans identities, 6
trans day, 3
trans discrimination, 2
trans birthers, 2
trans youths, 2
trans youngsters, 2
trans identified, 2
trans motion, 2
trans tv, 2
trans list, 2
trans lives, 9
trans dancers, 2
trans employees, 2
trans sisters, 7
trans soldiers, 2
trans teen, 5
trans children, 15
trans teacher, 2
trans ideology, 16
trans treatmentshttps, 4
trans actress, 5
trans character, 7
trans laws, 2
trans we, 3
trans do, 2
trans not, 2
trans evans, 2
trans pupils, 11
trans patients, 4
trans girl, 6
trans because, 4
trans swimmer, 22
trans equality, 5
trans americans, 3
trans health, 7
trans kids—and, 3
trans my, 6
trans queer, 2
trans life, 3
trans annoucement, 2
trans gender-nonconforming, 2
trans bb, 4
trans jokes, 2
trans wokeism, 2
trans therapy, 5
trans movement, 6
trans is, 6
trans //, 2
trans guy, 4
trans non-binary, 13
trans medical, 3
trans wrestler, 4
trans supporters, 4
trans 10-year-old, 2
trans teammates, 2
trans weightlifter, 5
trans lie, 2
trans studies, 2
trans feels, 2
trans intellectuals, 2
trans bodies, 6
trans mission, 3
trans student, 8
trans 'woman, 4
trans prisoners, 4
trans billionaire, 2
trans activism, 7
trans fox, 2
trans gets, 2
trans their, 3
trans critical, 15
trans this, 2
trans activsts, 2
trans on, 2
trans family, 3
trans platform, 2
trans models, 2
trans service, 2
trans competition, 6
trans users, 2
trans you, 3
trans representation, 2
trans declared, 2
trans pride, 7
trans united, 17
trans menstruator, 3
trans sports, 8
trans rugby, 2
trans israel, 3
trans allies, 7
trans extremists, 2
trans panic, 2
trans servicemembers, 3
trans state, 3
trans member, 2
trans many, 2
trans victims, 3
trans runner, 3
trans population, 2
trans division, 3
trans situation, 2
trans males, 2
trans awareness, 4
trans girlfriend, 2
trans cover, 5
trans applicants, 2
trans just, 2
trans means, 2
trans experience, 4
trans doe, 2
trans a, 2
trans an, 2
trans published, 2
trans nurseries, 2
trans but, 3
trans topics, 2
trans ally, 3
trans rapists, 2
trans candidates, 4
trans contestants, 2
trans masculine, 6
trans celebrity, 2
trans end, 2
trans lifestyle, 2
trans contestant, 3
trans existence, 3
trans shower-sharing, 5
trans 'man, 2
trans daughter, 2
trans while, 3
trans supremacist, 2
trans argue, 5
trans upenn, 4
trans employee, 4
trans species, 2
trans expertise, 2
trans lobbyists, 2
trans after, 2
trans —, 2
trans that, 3
trans according, 3
trans catholic, 2
trans surgeries, 2
trans tape, 4
trans faces, 2
trans participants, 2
trans clinic, 2
trans young, 2
trans if, 3
trans sensibilities, 2
trans peoples, 2
trans by, 2
trans brothers, 2
trans paedophile, 4
trans affirmation, 2
trans adults, 3
trans at, 3
trans people—black, 2
trans shark, 2
trans characters, 3
trans elected, 3
trans views, 2
trans performer, 3
trans classmate, 2
trans boys, 2
trans industry, 2
trans friends, 4
trans have, 2
trans 101, 2
trans language, 2
trans hate, 2
trans status, 3
trans stripper, 2
trans exclusive, 2
trans dolls, 2
trans people…, 2
trans fancies, 2
trans therapies, 2
trans realities, 2
trans writer, 3
trans speakers, 2
trans there, 2
trans belief, 2
trans law, 2
trans 1.4, 2
trans staff, 2
trans treatment, 2
trans justice, 2
trans experiences, 3
trans folk, 2
trans categories, 3
trans role, 3
trans teachers, 2
trans from, 2
trans opponent, 2
trans mother, 2
trans partner, 2
trans friendly, 2
trans competitors, 5
trans power, 2
trans officer, 2
trans gender, 3
trans siblings, 2
trans bologna, 2
trans worker, 2
trans craziness, 2
trans cyclists, 2
trans coverage, 2
trans sources, 2
trans lecturer, 2
trans male, 4
trans context, 2
trans skateboarder, 2
trans swimmers, 5
trans category, 3
trans games, 2
trans games.otherwise, 2
trans lgbt, 2
trans advocate, 3
trans name, 2
trans james, 3
trans bond, 2
trans before, 3
trans moderates, 2
trans said, 2
trans conversion, 2
trans golfer, 2
trans mutant, 2
trans mutants, 2
trans they, 2
trans being, 2
trans co-worker, 2
trans pronouns, 5
trans content, 2
trans they/them, 3
trans all, 2
trans troops, 2
trans deer-girl, 3
trans commentators, 2
trans joke, 3
trans parents, 2
trans –, 2
trans military, 2
trans radicals, 3
trans form, 2
trans star, 2
trans feminine, 2
trans strippers, 2
trans acceptance, 2
trans alums, 3
trans which, 2
trans cameraperson, 2
trans intersex, 2
trans nb, 2
trans scarcella, 2
trans murder, 2
trans deaths, 2
trans affirming, 2
trans brand, 2
trans umbrella, 2
trans ban, 2
trans disney, 3
